{
  "project_info": {
    "project_number": "674973629230",
    "project_id": "serverlessfollowup-519c4",
    "storage_bucket": "serverlessfollowup-519c4.appspot.com"
  },
  "client": [
    {
      "client_info": {
        "mobilesdk_app_id": "1:674973629230:android:34007ef94d508afe7c98bf",
        "android_client_info": {
          "package_name": "com.ibm.mobilefirstplatform.clientsdk.android.push"
        }
      },
      "oauth_client": [
        {
          "client_id": "674973629230-66ohf0tlnbimj5h769ce2nigchvdi5vg.apps.googleusercontent.com",
          "client_type": 3
        }
      ],
      "api_key": [
        {
          "current_key": "AIzaSyA36fXkITVVi3wZPVB7vV2iKna1H5hOfb8"
        }
      ],
      "services": {
        "appinvite_service": {
          "other_platform_oauth_client": [
            {
              "client_id": "674973629230-66ohf0tlnbimj5h769ce2nigchvdi5vg.apps.googleusercontent.com",
              "client_type": 3
            }
          ]
        }
      }
    },
    {
      "client_info": {
        "mobilesdk_app_id": "1:674973629230:android:c7ff31a25a41568a7c98bf",
        "android_client_info": {
          "package_name": "serverlessfollowup.app"
        }
      },
      "oauth_client": [
        {
          "client_id": "674973629230-66ohf0tlnbimj5h769ce2nigchvdi5vg.apps.googleusercontent.com",
          "client_type": 3
        }
      ],
      "api_key": [
        {
          "current_key": "AIzaSyA36fXkITVVi3wZPVB7vV2iKna1H5hOfb8"
        }
      ],
      "services": {
        "appinvite_service": {
          "other_platform_oauth_client": [
            {
              "client_id": "674973629230-66ohf0tlnbimj5h769ce2nigchvdi5vg.apps.googleusercontent.com",
              "client_type": 3
            }
          ]
        }
      }
    }
  ],
  "configuration_version": "1"
}